{"train_loss": 2.460434913635254, "train_accuracy": 0.125, "_timestamp": 1736454123.960077, "_runtime": 78.4637839794159, "_step": 9379, "_wandb": {"runtime": 78}}