{"train_loss": 2.385585069656372, "train_accuracy": 0.0416666679084301, "_timestamp": 1736453514.6081622, "_runtime": 25.521672248840332, "_step": 2344, "_wandb": {"runtime": 25}}