{"train_loss":0.2355078011751175,"train_accuracy":0.9375,"_timestamp":1.736426700425466e+09,"_wandb":{"runtime":40},"_runtime":40.143372,"_step":4689}