{"train_loss": 2.365105628967285, "train_accuracy": 0.125, "_timestamp": 1736454202.245041, "_runtime": 63.680601835250854, "_step": 9374, "_wandb": {"runtime": 63}}