{"train_loss": 2.393296957015991, "train_accuracy": 0.0416666679084301, "_timestamp": 1736453470.561126, "_runtime": 23.268104076385498, "_step": 2344, "_wandb": {"runtime": 23}}