{"_step":4689,"train_loss":0.1835174411535263,"train_accuracy":0.9375,"_wandb":{"runtime":41},"_timestamp":1.736426393366848e+09,"_runtime":41.201387}