{"train_loss": 2.3740031719207764, "train_accuracy": 0.0416666679084301, "_timestamp": 1736453611.379126, "_runtime": 23.113574981689453, "_step": 2344, "_wandb": {"runtime": 23}}