{"train_loss": 2.3666718006134033, "train_accuracy": 0.0416666679084301, "_timestamp": 1736453574.159779, "_runtime": 43.09293007850647, "_step": 4689, "_wandb": {"runtime": 43}}