{"train_loss": 2.3621726036071777, "train_accuracy": 0.125, "_timestamp": 1736453687.914633, "_runtime": 63.233657121658325, "_step": 9374, "_wandb": {"runtime": 63}}