{"train_loss": 2.3672401905059814, "train_accuracy": 0.125, "_timestamp": 1736454029.28371, "_runtime": 191.4883840084076, "_step": 28124, "_wandb": {"runtime": 191}}