{"train_loss":0.05136651545763016,"train_accuracy":1,"_timestamp":1.736426496746321e+09,"_runtime":39.852344,"_step":4689,"_wandb":{"runtime":40}}