{"train_loss": 2.448801040649414, "train_accuracy": 0.125, "_timestamp": 1736453820.964514, "_runtime": 118.2607741355896, "_step": 14069, "_wandb": {"runtime": 118}}