{"_wandb":{"runtime":39},"train_loss":0.10298532992601395,"train_accuracy":0.9375,"_timestamp":1.736425434978427e+09,"_runtime":39.574816,"_step":4689}