{"_runtime":78.532039,"_step":9379,"_wandb":{"runtime":79},"train_loss":0.0926930233836174,"train_accuracy":0.9375,"_timestamp":1.736425278937191e+09}