{"train_loss": 2.36236572265625, "train_accuracy": 0.0416666679084301, "_timestamp": 1736453433.5457542, "_runtime": 43.316352128982544, "_step": 4689, "_wandb": {"runtime": 43}}